<LanguageInjectionConfiguration>
  <injection language="OracleSqlPlus" injector-id="java">
    <display-name>Connection (java.sql)</display-name>
    <place><![CDATA[psiParameter().ofMethod(0, psiMethod().withName("nativeSQL").withParameters("java.lang.String").definedInClass("java.sql.Connection"))]]></place>
    <place><![CDATA[psiParameter().ofMethod(0, psiMethod().withName("prepareCall").withParameters("java.lang.String").definedInClass("java.sql.Connection"))]]></place>
    <place><![CDATA[psiParameter().ofMethod(0, psiMethod().withName("prepareCall").withParameters("java.lang.String").definedInClass("lapr.project.data.DataHandler"))]]></place>
    <place><![CDATA[psiParameter().ofMethod(0, psiMethod().withName("prepareCall").withParameters("java.lang.String", "int", "int").definedInClass("java.sql.Connection"))]]></place>
    <place><![CDATA[psiParameter().ofMethod(0, psiMethod().withName("prepareCall").withParameters("java.lang.String", "int", "int", "int").definedInClass("java.sql.Connection"))]]></place>
    <place><![CDATA[psiParameter().ofMethod(0, psiMethod().withName("prepareStatement").withParameters("java.lang.String").definedInClass("java.sql.Connection"))]]></place>
    <place><![CDATA[psiParameter().ofMethod(0, psiMethod().withName("prepareStatement").withParameters("java.lang.String").definedInClass("lapr.project.data.DataHandler"))]]></place>
    <place><![CDATA[psiParameter().ofMethod(0, psiMethod().withName("prepareStatement").withParameters("java.lang.String", "int").definedInClass("java.sql.Connection"))]]></place>
    <place><![CDATA[psiParameter().ofMethod(0, psiMethod().withName("prepareStatement").withParameters("java.lang.String", "int", "int").definedInClass("java.sql.Connection"))]]></place>
    <place><![CDATA[psiParameter().ofMethod(0, psiMethod().withName("prepareStatement").withParameters("java.lang.String", "int", "int", "int").definedInClass("java.sql.Connection"))]]></place>
    <place><![CDATA[psiParameter().ofMethod(0, psiMethod().withName("prepareStatement").withParameters("java.lang.String", "int[]").definedInClass("java.sql.Connection"))]]></place>
    <place><![CDATA[psiParameter().ofMethod(0, psiMethod().withName("prepareStatement").withParameters("java.lang.String", "java.lang.String[]").definedInClass("java.sql.Connection"))]]></place>
  </injection>
</LanguageInjectionConfiguration>